Location ID,Customer ID,Count,Country,State,City,Zip Code,Lat Long,Latitude,Longitude
AVUNOF2891,3451-VAWLI,1,United States,California,North Highlands,95660,"38.671295, -121.388251",38.671295,-121.388251
BQRRTT5638,3407-QGWLG,1,United States,California,Roseville,95661,"38.736685, -121.251984",38.736685,-121.251984
NCCOSC8199,2347-WKKAE,1,United States,California,Penryn,95663,"38.859093, -121.182872",38.859093,-121.182872
PLYPWY3273,8735-DCXNF,1,United States,California,Pilot Hill,95664,"38.803731, -121.043799",38.803731,-121.043799
HLTTFN7926,3214-IYUUQ,1,United States,California,Pine Grove,95665,"38.400264, -120.641274",38.400264,-120.641274
PTADLC6735,1936-UAFEH,1,United States,California,Pioneer,95666,"38.546999, -120.271114",38.546999,-120.271114
CQREOO6227,3587-PMCOY,1,United States,California,Placerville,95667,"38.733714, -120.795213",38.733714,-120.795213
DAOIOF1861,1027-LKKQQ,1,United States,California,Plymouth,95669,"38.489273, -120.891614",38.489273,-120.891614
LJQEWP4472,7148-XZPHA,1,United States,California,Rancho Cordova,95670,"38.602723, -121.279913",38.602723,-121.279913
IUWOWZ2545,5309-TAIKL,1,United States,California,Rio Linda,95673,"38.688764, -121.457596",38.688764,-121.457596
JISXOX5625,6856-RAURS,1,United States,California,Rio Oso,95674,"38.954144, -121.482536",38.954144,-121.482536
ULVRWC2816,8778-LMWTJ,1,United States,California,River Pines,95675,"38.545775, -120.743325",38.545775,-120.743325
VWDHNT9677,9717-IOAAF,1,United States,California,Rocklin,95677,"38.7904, -121.236973",38.7904,-121.236973
EGNHCB6859,2845-KDHVX,1,United States,California,Sheridan,95681,"38.984756, -121.345074",38.984756,-121.345074
IBJYYQ6621,0848-SOMKO,1,United States,California,Shingle Springs,95682,"38.598936, -120.963092",38.598936,-120.963092
GCVXRT6246,1535-VTJOQ,1,United States,California,Thornton,95686,"38.157794, -121.520223",38.157794,-121.520223
BZNIXL1625,6368-TZZDT,1,United States,California,Vacaville,95687,"38.333133, -121.920151",38.333133,-121.920151
RVJOOW8396,0943-ZQPXH,1,United States,California,Vacaville,95688,"38.419088, -122.024568",38.419088,-122.024568
QBLZVC4852,1293-BSEUN,1,United States,California,Volcano,95689,"38.481902, -120.603668",38.481902,-120.603668
GWCRIS7216,1302-TPUBN,1,United States,California,West Sacramento,95691,"38.627951, -121.593287",38.627951,-121.593287
ABGTBX8777,0927-CNGRH,1,United States,California,Alta,95701,"39.218096, -120.79153",39.218096,-120.79153
UWRLDN5943,8608-OZTLB,1,United States,California,Applegate,95703,"38.983388, -120.988814",38.983388,-120.988814
WOYYAL9247,2335-GSODA,1,United States,California,Camino,95709,"38.748316, -120.675512",38.748316,-120.675512
NXXKZG4723,1952-DVVSW,1,United States,California,Colfax,95713,"39.084645, -120.894014",39.084645,-120.894014
CBFJNK6224,6656-GULJQ,1,United States,California,Emigrant Gap,95715,"39.23754, -120.720196",39.23754,-120.720196
RNEFHQ6798,9853-JFZDU,1,United States,California,Gold Run,95717,"39.170376, -120.838404",39.170376,-120.838404
FEMRHN8317,3777-XROBG,1,United States,California,Echo Lake,95721,"38.851842, -120.076204",38.851842,-120.076204
WSHIJA8787,6994-FGRHH,1,United States,California,Meadow Vista,95722,"39.003358, -121.022539",39.003358,-121.022539
MQDHTV4959,4000-VGMQP,1,United States,California,Pollock Pines,95726,"38.733908, -120.453416",38.733908,-120.453416
JYUHSA5856,3999-WRNGR,1,United States,California,Soda Springs,95728,"39.279068, -120.414275",39.279068,-120.414275
UJWHCE5396,3466-RITXD,1,United States,California,Twin Bridges,95735,"38.805481, -120.13287",38.805481,-120.13287
NRZLAI9848,2680-XKKNJ,1,United States,California,Weimar,95736,"39.00978, -120.978273",39.00978,-120.978273
LRWSIU3236,2101-RANCD,1,United States,California,El Dorado Hills,95762,"38.684437, -121.055634",38.684437,-121.055634
BYPVMQ6372,7921-BEPCI,1,United States,California,Rocklin,95765,"38.823278, -121.281856",38.823278,-121.281856
MXWBKF6656,8510-TMWYB,1,United States,California,Sacramento,95814,"38.584505, -121.491956",38.584505,-121.491956
OLCOEH9694,3258-ZKPAI,1,United States,California,Sacramento,95815,"38.608405, -121.449942",38.608405,-121.449942
UJJTBI5625,1428-IEDPR,1,United States,California,Sacramento,95816,"38.574856, -121.46504",38.574856,-121.46504
ZCWBTT8148,4450-YOOHP,1,United States,California,Sacramento,95818,"38.556306, -121.495817",38.556306,-121.495817
RPNJMY7595,6728-CZFEI,1,United States,California,Sacramento,95819,"38.567594, -121.437507",38.567594,-121.437507
AOBLQW2682,3653-NCRDJ,1,United States,California,Sacramento,95821,"38.625096, -121.383658",38.625096,-121.383658
HTRCWG1121,6519-ZHPXP,1,United States,California,Sacramento,95824,"38.517295, -121.439819",38.517295,-121.439819
MCVUQS6269,3472-QPRCH,1,United States,California,Sacramento,95826,"38.542532, -121.378826",38.542532,-121.378826
PIEPPB4583,8224-UAXBZ,1,United States,California,Sacramento,95827,"38.549185, -121.328386",38.549185,-121.328386
COHUMM7163,9610-WCESF,1,United States,California,Sacramento,95828,"38.486938, -121.395805",38.486938,-121.395805
IQMLGU4415,2486-WYVVE,1,United States,California,Sacramento,95830,"38.490508, -121.284171",38.490508,-121.284171
XFRNRN3145,1422-DGUBX,1,United States,California,Sacramento,95832,"38.445939, -121.496855",38.445939,-121.496855
BHWIFQ7879,2999-AANRQ,1,United States,California,Sacramento,95833,"38.619049, -121.517552",38.619049,-121.517552
HCBMVS3623,8668-KNZTI,1,United States,California,Sacramento,95834,"38.646209, -121.52446",38.646209,-121.52446
ZHGJLC7653,0480-KYJVA,1,United States,California,Sacramento,95835,"38.685069, -121.543709",38.685069,-121.543709
WFNWDO7387,9746-YKGXB,1,United States,California,Sacramento,95838,"38.646096, -121.442433",38.646096,-121.442433
WKETEY8871,3926-YZVVX,1,United States,California,Sacramento,95841,"38.660442, -121.346321",38.660442,-121.346321
TMIBBB9766,6000-UKLWI,1,United States,California,Sacramento,95842,"38.687367, -121.34848",38.687367,-121.34848
RYIPUU2639,6332-FBZRI,1,United States,California,Sacramento,95864,"38.585826, -121.376263",38.585826,-121.376263
FVFSVR5189,2096-XOTMO,1,United States,California,Marysville,95901,"39.19514, -121.503883",39.19514,-121.503883
YIHMUY4862,3266-FTKHB,1,United States,California,Beale Afb,95903,"39.125311, -121.392283",39.125311,-121.392283
MNLDAD8943,8221-EQDGL,1,United States,California,Alleghany,95910,"39.467828, -120.841386",39.467828,-120.841386
AKZYVO5152,2346-LOCWC,1,United States,California,Arbuckle,95912,"38.982373, -122.047751",38.982373,-122.047751
PSCNRS7859,0298-XACET,1,United States,California,Berry Creek,95916,"39.657228, -121.37778",39.657228,-121.37778
OKUZAD7665,7560-QJAVJ,1,United States,California,Biggs,95917,"39.457388, -121.818201",39.457388,-121.818201
QGVMZH8427,2995-YWTCD,1,United States,California,Browns Valley,95918,"39.292334, -121.320597",39.292334,-121.320597
IPVJJK1767,9137-UIYPG,1,United States,California,Butte City,95920,"39.449794, -121.936372",39.449794,-121.936372
RWBUKS7873,2809-ZMYOQ,1,United States,California,Camptonville,95922,"39.432127, -121.099287",39.432127,-121.099287
REYFRM5216,5084-OOVCJ,1,United States,California,Canyon Dam,95923,"40.171312, -121.120605",40.171312,-121.120605
QHAALU5147,0254-WWRKD,1,United States,California,Challenge,95925,"39.461768, -121.195825",39.461768,-121.195825
SSCDRJ3561,7727-SHVZV,1,United States,California,Chico,95926,"39.745712, -121.84333",39.745712,-121.84333
BFZNPN4473,5339-PXDVH,1,United States,California,Clipper Mills,95930,"39.562239, -121.14836",39.562239,-121.14836
DDEHAP9646,8782-NUUOL,1,United States,California,Crescent Mills,95934,"40.080342, -120.957805",40.080342,-120.957805
AMLOPC2198,7601-WFVZV,1,United States,California,Downieville,95936,"39.578792, -120.780786",39.578792,-120.780786
FOGOTK6915,4609-KNNWG,1,United States,California,Dunnigan,95937,"38.931425, -121.946081",38.931425,-121.946081
VZOIML9749,9529-OFXHY,1,United States,California,Elk Creek,95939,"39.53222, -122.594879",39.53222,-122.594879
GGHALW7224,2669-QVCRG,1,United States,California,Forest Ranch,95942,"40.077028, -121.494168",40.077028,-121.494168
GEDWDW1493,2478-EEWWM,1,United States,California,Glenn,95943,"39.597975, -122.032248",39.597975,-122.032248
OMMHQZ5516,9174-IHETN,1,United States,California,Goodyears Bar,95944,"39.564113, -120.868836",39.564113,-120.868836
XJNMGJ2763,2233-TXSIU,1,United States,California,Grass Valley,95945,"39.194539, -120.988066",39.194539,-120.988066
OEHVOQ8234,9644-UMGQA,1,United States,California,Penn Valley,95946,"39.203817, -121.19584",39.203817,-121.19584
KICYFY3349,0419-YAAPX,1,United States,California,Grass Valley,95949,"39.099204, -121.137962",39.099204,-121.137962
QMGXWK4533,0872-CASZJ,1,United States,California,Hamilton City,95951,"39.732767, -122.042298",39.732767,-122.042298
ANXSNB6246,8164-OCKUJ,1,United States,California,Magalia,95954,"39.933852, -121.584371",39.933852,-121.584371
GBFDSH8292,3094-JOJAI,1,United States,California,Maxwell,95955,"39.281194, -122.226568",39.281194,-122.226568
HLZPCI5255,9494-MRNYX,1,United States,California,Meadow Valley,95956,"39.937017, -121.058043",39.937017,-121.058043
TQCGUT5721,2599-CZABP,1,United States,California,Meridian,95957,"39.068071, -121.832638",39.068071,-121.832638
SCREUL3554,7945-PRBVF,1,United States,California,Nevada City,95959,"39.333737, -120.858667",39.333737,-120.858667
INEFCK6498,4544-RXFMG,1,United States,California,North San Juan,95960,"39.423046, -120.984472",39.423046,-120.984472
CRJZCN9716,0859-YGKFW,1,United States,California,Olivehurst,95961,"39.082568, -121.55325",39.082568,-121.55325
KGXZOC9686,1150-FTQGN,1,United States,California,Oregon House,95962,"39.342587, -121.249833",39.342587,-121.249833
BFYNJC1553,7196-LIWRH,1,United States,California,Oroville,95965,"39.624561, -121.552866",39.624561,-121.552866
FKZQZB4555,5448-VWNAM,1,United States,California,Oroville,95966,"39.473896, -121.415927",39.473896,-121.415927
VEORQV6768,1177-XZBJL,1,United States,California,Palermo,95968,"39.435756, -121.552071",39.435756,-121.552071
JSYSVK5256,9330-VOFSZ,1,United States,California,Princeton,95970,"39.424957, -122.039307",39.424957,-122.039307
UFGAWL4996,0939-EREMR,1,United States,California,Chico,95973,"39.903272, -121.843567",39.903272,-121.843567
BJSPUQ2351,9389-ACWBI,1,United States,California,Richvale,95974,"39.495768, -121.747472",39.495768,-121.747472
ODAFQY7133,3644-QXEHN,1,United States,California,Smartville,95977,"39.176595, -121.291692",39.176595,-121.291692
IAIVFR9664,2911-IJORQ,1,United States,California,Stirling City,95978,"39.904002, -121.527823",39.904002,-121.527823
YSYEYH1842,5921-NGYRH,1,United States,California,Stonyford,95979,"39.288127, -122.415841",39.288127,-122.415841
HQDURQ2879,5998-DZLYR,1,United States,California,Sutter,95982,"39.172777, -121.805845",39.172777,-121.805845
VUUAZU8931,3985-HOYPM,1,United States,California,Washington,95986,"39.34128, -120.786867",39.34128,-120.786867
IDRSJI7128,9548-LERKT,1,United States,California,Willows,95988,"39.493991, -122.286363",39.493991,-122.286363
KWZXDK3217,6576-FBXOJ,1,United States,California,Yuba City,95991,"39.02741, -121.614982",39.02741,-121.614982
LMNUVX7463,4310-KEDTB,1,United States,California,Yuba City,95993,"39.075694, -121.70606",39.075694,-121.70606
PWQQAI3978,4062-HBMOS,1,United States,California,Redding,96003,"40.677649, -122.29467",40.677649,-122.29467
HQWYNZ2469,2676-ISHSF,1,United States,California,Anderson,96007,"40.448632, -122.306657",40.448632,-122.306657
EUFHWW3888,9236-NDUCW,1,United States,California,Bella Vista,96008,"40.722733, -122.109666",40.722733,-122.109666
VBDOLT5133,4753-PADAS,1,United States,California,Bieber,96009,"41.083464, -121.107929",41.083464,-121.107929
TQDKGO5451,6103-QCKFX,1,United States,California,Big Bar,96010,"40.775272, -123.287414",40.775272,-123.287414
CFWHEW6796,7781-EWARA,1,United States,California,Big Bend,96011,"41.096569, -121.879082",41.096569,-121.879082
GXZNRE1683,7018-FPXHH,1,United States,California,Callahan,96014,"41.388397, -122.794636",41.388397,-122.794636
BWUQEM9881,0572-ZJKLT,1,United States,California,Chester,96020,"40.243494, -121.154733",40.243494,-121.154733
UGIDCP4152,5135-RDDQL,1,United States,California,Corning,96021,"39.913777, -122.289984",39.913777,-122.289984
PNVGYP1663,1353-LJWEM,1,United States,California,Cottonwood,96022,"40.336392, -122.448533",40.336392,-122.448533
CGTWVV7576,1794-SWWKL,1,United States,California,Dorris,96023,"41.949216, -122.050062",41.949216,-122.050062
HZWHVV3826,6166-YIPFO,1,United States,California,Douglas City,96024,"40.586588, -122.903677",40.586588,-122.903677
KSLRTP3874,9332-GYWLO,1,United States,California,Fall River Mills,96028,"41.017282, -121.468945",41.017282,-121.468945
PVVJZJ8839,4184-VODJZ,1,United States,California,Forks Of Salmon,96031,"41.232128, -123.194748",41.232128,-123.194748
CKOQLN6155,1092-WPIVQ,1,United States,California,French Gulch,96033,"40.740138, -122.587476",40.740138,-122.587476
UTSIRX5834,7233-IOQNP,1,United States,California,Gazelle,96034,"41.411315, -122.697236",41.411315,-122.697236
JDUIBO5542,2834-JKOOW,1,United States,California,Gerber,96035,"40.03194, -122.176023",40.03194,-122.176023
DYTYYB8854,2400-FEQME,1,United States,California,Grenada,96038,"41.599978, -122.539381",41.599978,-122.539381
SINTTZ9925,4957-SREEC,1,United States,California,Fallbrook,92028,"33.362575, -117.299644",33.362575,-117.299644
KNDLBN6895,4923-ADWXJ,1,United States,California,Igo,96047,"40.524535, -122.647172",40.524535,-122.647172
EJNBTT2432,3439-GVUSX,1,United States,California,Lookout,96054,"41.280478, -121.160249",41.280478,-121.160249
TNEEZG2129,5949-HGVJL,1,United States,California,Mccloud,96057,"41.251322, -122.105209",41.251322,-122.105209
XTGBDB7272,5203-XEHAX,1,United States,California,Macdoel,96058,"41.769709, -121.92063",41.769709,-121.92063
FPMPQP1586,1635-HDGFT,1,United States,California,Manton,96059,"40.426679, -121.850421",40.426679,-121.850421
WUFHJF9378,8050-XGRVL,1,United States,California,Millville,96062,"40.531257, -122.148139",40.531257,-122.148139
NWSAII9271,9828-QHFBK,1,United States,California,Montgomery Creek,96065,"40.877552, -121.885884",40.877552,-121.885884
AKJQQK5467,5012-YSPJJ,1,United States,California,Nubieber,96068,"41.082472, -121.195215",41.082472,-121.195215
BWWCFK5978,6728-VOIFY,1,United States,California,Palo Cedro,96073,"40.582399, -122.195512",40.582399,-122.195512
FYFELY6822,4891-NLUBA,1,United States,California,Paynes Creek,96075,"40.343213, -121.815412",40.343213,-121.815412
JQBEBU6357,8969-PRHFK,1,United States,California,Red Bluff,96080,"40.186772, -122.388361",40.186772,-122.388361
ZUBFLP1184,0661-KQHNK,1,United States,California,Round Mountain,96084,"40.923558, -122.059933",40.923558,-122.059933
FNPSJT8728,8709-KRDVL,1,United States,California,Scott Bar,96085,"41.737962, -123.07557",41.737962,-123.07557
VCXHBT6452,1427-VERSM,1,United States,California,Shasta,96087,"40.617614, -122.512861",40.617614,-122.512861
QULJBF5288,9801-NOSHQ,1,United States,California,Shingletown,96088,"40.497441, -121.827524",40.497441,-121.827524
PSBUMR9368,6339-YPSAH,1,United States,California,Tehama,96090,"40.021787, -122.127576",40.021787,-122.127576
NOXFYA5491,2159-TURXX,1,United States,California,Weaverville,96093,"40.759401, -122.939337",40.759401,-122.939337
HJLTOW9612,1548-FEHVL,1,United States,California,Weed,96094,"41.465121, -122.380947",41.465121,-122.380947
DPLWKR2985,3795-CAWEX,1,United States,California,Whitmore,96096,"40.637105, -121.906949",40.637105,-121.906949
PERSJD4712,6215-NQCPY,1,United States,California,Yreka,96097,"41.764869, -122.671316",41.764869,-122.671316
KNNHMR2454,5647-URDKA,1,United States,California,Alturas,96101,"41.468877, -120.54229",41.468877,-120.54229
JATFWQ9956,2229-DPMBI,1,United States,California,Blairsden Graeagle,96103,"39.783747, -120.661032",39.783747,-120.661032
ASBMQT7698,9626-WEQRM,1,United States,California,Cedarville,96104,"41.505916, -120.152505",41.505916,-120.152505
URRXKG1472,2188-SXWVT,1,United States,California,Chilcoot,96105,"39.872961, -120.198876",39.872961,-120.198876
QHELYU5365,6258-PVZWJ,1,United States,California,Clio,96106,"39.745805, -120.580882",39.745805,-120.580882
WCKPJN9716,1094-BKOSX,1,United States,California,Coleville,96107,"38.42528, -119.475741",38.42528,-119.475741
QVQEAU9775,2978-XXSOG,1,United States,California,Doyle,96109,"40.012675, -120.101857",40.012675,-120.101857
CGYNNW1494,2342-CKIAO,1,United States,California,Eagleville,96110,"41.280341, -120.150381",41.280341,-120.150381
YXFKPI8938,6953-PBDIN,1,United States,California,Fort Bidwell,96112,"41.932207, -120.135941",41.932207,-120.135941
EZLBGF2515,3898-BSJYF,1,United States,California,Herlong,96113,"40.198234, -120.18089",40.198234,-120.18089
DZCQDJ9585,3938-YFPXD,1,United States,California,Janesville,96114,"40.294034, -120.512622",40.294034,-120.512622
YWEMOG5127,7696-AMHOD,1,United States,California,Fallbrook,92028,"33.362575, -117.299644",33.362575,-117.299644
SOMABD9471,9558-IHEZX,1,United States,California,Litchfield,96117,"40.507272, -120.338228",40.507272,-120.338228
EIMTTW6665,9617-UDPEU,1,United States,California,Loyalton,96118,"39.637471, -120.226338",39.637471,-120.226338
ZCWDXL8618,6340-DACFT,1,United States,California,Madeline,96119,"41.042003, -120.506086",41.042003,-120.506086
UVSCBJ7651,4955-VCWBI,1,United States,California,Markleeville,96120,"38.735789, -119.85798",38.735789,-119.85798
KNNZJS9997,6813-GZQCG,1,United States,California,Milford,96121,"40.181279, -120.392967",40.181279,-120.392967
KKCVSB9915,3389-KTRXV,1,United States,California,Ravendale,96123,"40.845738, -120.322219",40.845738,-120.322219
AJUOIT7927,3118-UHVVQ,1,United States,California,Calpine,96124,"39.672813, -120.456699",39.672813,-120.456699
EKVJYE6553,3205-MXZRA,1,United States,California,Standish,96128,"40.346634, -120.386422",40.346634,-120.386422
RLCRHB3215,8317-BVKSO,1,United States,California,Termo,96132,"41.027281, -120.669427",41.027281,-120.669427
RUKYVS4179,5702-KVQRD,1,United States,California,Topaz,96133,"38.636052, -119.489162",38.636052,-119.489162
KTCYJV5971,0083-PIVIK,1,United States,California,Tulelake,96134,"41.813521, -121.492666",41.813521,-121.492666
RGCTHT1771,6169-PGNCD,1,United States,California,Westwood,96137,"40.271535, -121.018087",40.271535,-121.018087
TZEEQO5721,4657-FWVFY,1,United States,California,Kings Beach,96143,"39.246654, -120.029273",39.246654,-120.029273
TBVMER3138,2257-BOVXD,1,United States,California,Tahoe City,96145,"39.178337, -120.162806",39.178337,-120.162806
EKYSLP4127,7729-JTEEC,1,United States,California,Olympic Valley,96146,"39.191797, -120.212401",39.191797,-120.212401
THBVWC9958,9696-RMYBA,1,United States,California,Los Angeles,90003,"33.964131, -118.272783",33.964131,-118.272783
SINYOQ7888,8690-UPCZI,1,United States,California,Los Angeles,90004,"34.076259, -118.310715",34.076259,-118.310715
EEQXSP7192,9770-LXDBK,1,United States,California,Los Angeles,90006,"34.048013, -118.293953",34.048013,-118.293953
EMKRGS2923,4086-WITJG,1,United States,California,Los Angeles,90007,"34.027337, -118.28515",34.027337,-118.28515
SNEYIO1264,8344-WFMFH,1,United States,California,Los Angeles,90008,"34.008293, -118.346766",34.008293,-118.346766
NACCEG9381,8822-KNBHV,1,United States,California,Los Angeles,90011,"34.00709, -118.258681",34.00709,-118.258681
ACMEKO5436,8404-FYDIB,1,United States,California,Los Angeles,90012,"34.065875, -118.238728",34.065875,-118.238728
CVZQWG1313,2791-SFVEW,1,United States,California,Los Angeles,90013,"34.044639, -118.240413",34.044639,-118.240413
RVVPJK9869,6762-NSODU,1,United States,California,Los Angeles,90015,"34.039224, -118.266293",34.039224,-118.266293
OYDQRL1231,9888-ZCUMM,1,United States,California,Los Angeles,90018,"34.028735, -118.317236",34.028735,-118.317236
KCXWPF2732,1074-WVEVG,1,United States,California,Los Angeles,90021,"34.029043, -118.239504",34.029043,-118.239504
USOOKX2411,9979-RGMZT,1,United States,California,Los Angeles,90022,"34.02381, -118.156582",34.02381,-118.156582
FRDOJO9845,2108-GLPQB,1,United States,California,Los Angeles,90025,"34.046174, -118.446333",34.046174,-118.446333
UNLAOH6757,5474-LAMUQ,1,United States,California,Los Angeles,90029,"34.089953, -118.294824",34.089953,-118.294824
PAVLEJ2598,3468-DRVQJ,1,United States,California,Los Angeles,90031,"34.085807, -118.206617",34.085807,-118.206617
ZDZTKC9694,1122-YJBCS,1,United States,California,Los Angeles,90032,"34.078821, -118.177576",34.078821,-118.177576
IXFBSD4754,4990-ALDGW,1,United States,California,Los Angeles,90033,"34.050198, -118.210946",34.050198,-118.210946
RTXPSM4345,4816-OKWNX,1,United States,California,Los Angeles,90034,"34.030578, -118.399613",34.030578,-118.399613
IJXCSV5172,3315-IKYZQ,1,United States,California,Los Angeles,90035,"34.051809, -118.383843",34.051809,-118.383843
IBBKCH7645,4747-LCAQL,1,United States,California,Los Angeles,90037,"34.002642, -118.287596",34.002642,-118.287596
ZZSSLZ2531,0898-XCGTF,1,United States,California,Los Angeles,90039,"34.110845, -118.259595",34.110845,-118.259595
AQSVOX3668,8006-PYCSW,1,United States,California,Los Angeles,90040,"33.994524, -118.149953",33.994524,-118.149953
JAKDHK7366,8249-THVEC,1,United States,California,Los Angeles,90041,"34.137412, -118.207607",34.137412,-118.207607
YGEGUU7839,8722-PRFDV,1,United States,California,Los Angeles,90042,"34.11572, -118.192754",34.11572,-118.192754
GDWTJM3791,2164-SOQXL,1,United States,California,Los Angeles,90043,"33.988543, -118.334081",33.988543,-118.334081
UMGPCD1637,4020-KIUDI,1,United States,California,Los Angeles,90044,"33.952714, -118.292061",33.952714,-118.292061
PWUEYK4628,5850-BDWCY,1,United States,California,Los Angeles,90045,"33.954017, -118.402447",33.954017,-118.402447
FMVTTV3623,2038-YSEZE,1,United States,California,Los Angeles,90046,"34.108455, -118.362081",34.108455,-118.362081
ABNPUD5525,0827-ITJPH,1,United States,California,Los Angeles,90047,"33.958149, -118.308441",33.958149,-118.308441
VZUKXM2926,8799-OXZMD,1,United States,California,Los Angeles,90048,"34.072945, -118.37267",34.072945,-118.37267
XTQHQQ7427,1705-GUHPV,1,United States,California,Los Angeles,90056,"33.987945, -118.370442",33.987945,-118.370442
HFCLVS3413,4779-ZGICK,1,United States,California,Los Angeles,90057,"34.061918, -118.277939",34.061918,-118.277939
AXEACK4676,0048-PIHNL,1,United States,California,Los Angeles,90058,"34.001617, -118.222274",34.001617,-118.222274
CVHGRD7817,3967-KXAPS,1,United States,California,Los Angeles,90061,"33.92128, -118.274186",33.92128,-118.274186
FEWQVQ8599,3704-IEAXF,1,United States,California,Los Angeles,90063,"34.044271, -118.185237",34.044271,-118.185237
DXHJDD2224,6810-VCAEX,1,United States,California,Los Angeles,90064,"34.037251, -118.423573",34.037251,-118.423573
XSRCGT3447,0674-EYYZV,1,United States,California,Los Angeles,90065,"34.108833, -118.229715",34.108833,-118.229715
EDKGRH9836,4480-MBMLB,1,United States,California,Los Angeles,90066,"34.002028, -118.430656",34.002028,-118.430656
IPONGT5196,1395-OFUWC,1,United States,California,Los Angeles,90067,"34.057496, -118.413959",34.057496,-118.413959
PDKRPB3782,2832-KJCRD,1,United States,California,Los Angeles,90071,"34.052917, -118.255178",34.052917,-118.255178
CQMQLF8388,4075-WKNIU,1,United States,California,Bell,90201,"33.970343, -118.171368",33.970343,-118.171368
OGHVSK7444,5090-EMGTC,1,United States,California,Beverly Hills,90210,"34.099891, -118.414338",34.099891,-118.414338
AZUGAB1296,2346-CZYIL,1,United States,California,Beverly Hills,90211,"34.063947, -118.383001",34.063947,-118.383001
BMHKNJ4993,6258-NGCNG,1,United States,California,Compton,90220,"33.88151, -118.234451",33.88151,-118.234451
ZXIZKT7249,4186-ZBUEW,1,United States,California,Compton,90221,"33.885811, -118.206459",33.885811,-118.206459
FZOCVZ2128,5274-XHAKY,1,United States,California,Compton,90222,"33.912246, -118.236773",33.912246,-118.236773
HDWZLP4947,1442-BQPVU,1,United States,California,Culver City,90230,"33.993991, -118.39704",33.993991,-118.39704
TEIHMM7467,3978-YNKDD,1,United States,California,Culver City,90232,"34.019323, -118.391902",34.019323,-118.391902
HZOJJR8646,4940-KHCWD,1,United States,California,Downey,90240,"33.956228, -118.120993",33.956228,-118.120993
EIEAIB3811,9589-ABEPT,1,United States,California,El Segundo,90245,"33.917145, -118.401554",33.917145,-118.401554
AIMRJF6213,9388-ZEYVT,1,United States,California,Gardena,90247,"33.890853, -118.297967",33.890853,-118.297967
QUDERR6831,0305-SQECB,1,United States,California,Gardena,90248,"33.876482, -118.284077",33.876482,-118.284077
YYMFYU9775,7605-SNLQG,1,United States,California,Gardena,90249,"33.90139, -118.315697",33.90139,-118.315697
RGDESH9151,4670-TABXH,1,United States,California,Hawthorne,90250,"33.914775, -118.348083",33.914775,-118.348083
QGETNA5184,0064-SUDOG,1,United States,California,Huntington Park,90255,"33.97803, -118.217141",33.97803,-118.217141
ZQMFUO1291,8561-NMTBD,1,United States,California,Lawndale,90260,"33.88856, -118.351813",33.88856,-118.351813
IGKYWX6198,5161-XEUVX,1,United States,California,Lynwood,90262,"33.923573, -118.200669",33.923573,-118.200669
FVDVBO2961,8292-FRFZQ,1,United States,California,Malibu,90263,"34.037037, -118.705803",34.037037,-118.705803
GVPDUR2653,8591-NXRCV,1,United States,California,Malibu,90265,"34.074572, -118.831181",34.074572,-118.831181
HYDONX1277,7895-VONWT,1,United States,California,Manhattan Beach,90266,"33.889632, -118.39737",33.889632,-118.39737
YWAZTV5849,4526-RMTLL,1,United States,California,Maywood,90270,"33.988572, -118.186565",33.988572,-118.186565
DLOWKW4612,6253-GNHWH,1,United States,California,Pacific Palisades,90272,"34.079449, -118.548306",34.079449,-118.548306
VSPSMG4249,4566-NECEV,1,United States,California,Palos Verdes Peninsula,90274,"33.788208, -118.404955",33.788208,-118.404955
YIFTDW5792,8080-POTJR,1,United States,California,Rancho Palos Verdes,90275,"33.753146, -118.367459",33.753146,-118.367459
MBUDOX1129,6906-MPARY,1,United States,California,Redondo Beach,90277,"33.830453, -118.384565",33.830453,-118.384565
QTNCBK7769,3662-FXJFO,1,United States,California,Redondo Beach,90278,"33.873395, -118.37019",33.873395,-118.37019
VWJKBI4978,8107-RZLNV,1,United States,California,South Gate,90280,"33.944624, -118.192615",33.944624,-118.192615
LHMPHF1644,0516-OOHAR,1,United States,California,Topanga,90290,"34.115192, -118.61017",34.115192,-118.61017
LGQCYK3916,2027-CWDNU,1,United States,California,Venice,90291,"33.991782, -118.479229",33.991782,-118.479229
WANCWN5156,9912-OMZDS,1,United States,California,Playa Del Rey,90293,"33.947305, -118.439841",33.947305,-118.439841
SIHHHV5564,3733-ZEECP,1,United States,California,Inglewood,90301,"33.956445, -118.358634",33.956445,-118.358634
EHUFSS8793,7878-RTCZG,1,United States,California,Inglewood,90302,"33.975332, -118.355252",33.975332,-118.355252
NJITHN3743,7103-IPXPJ,1,United States,California,Inglewood,90305,"33.958134, -118.330905",33.958134,-118.330905
TVVCBZ8928,4342-HFXWS,1,United States,California,Santa Monica,90401,"34.015481, -118.493231",34.015481,-118.493231
JIOXTB9198,3545-CNWRG,1,United States,California,Santa Monica,90402,"34.035849, -118.503508",34.035849,-118.503508
AKCOHO6865,1785-BPHTP,1,United States,California,Santa Monica,90403,"34.031529, -118.491156",34.031529,-118.491156
EAZAQT1714,7315-WYOAW,1,United States,California,Santa Monica,90405,"34.005439, -118.477507",34.005439,-118.477507
MGKRLR4992,1173-XZPYF,1,United States,California,Torrance,90501,"33.833699, -118.314387",33.833699,-118.314387
HWXNTQ7919,2509-TFPJU,1,United States,California,Torrance,90505,"33.807882, -118.347957",33.807882,-118.347957
WXNYPA5216,9530-GRMJG,1,United States,California,Whittier,90601,"34.007353, -118.033683",34.007353,-118.033683
CCRJPQ4252,6898-RBTLU,1,United States,California,Whittier,90602,"33.972119, -118.020188",33.972119,-118.020188
TMZGAO7921,2068-WWXQZ,1,United States,California,Whittier,90604,"33.929704, -118.01208",33.929704,-118.01208
TERDQC8388,2061-VVFST,1,United States,California,Whittier,90606,"33.976678, -118.065875",33.976678,-118.065875
UOLRPK5267,2380-DAMQP,1,United States,California,La Palma,90623,"33.850504, -118.039892",33.850504,-118.039892
LRWYUT2391,2256-YLYLP,1,United States,California,Cypress,90630,"33.818477, -118.038307",33.818477,-118.038307
NAMFKQ9978,1272-ILHFG,1,United States,California,La Habra,90631,"33.940619, -117.9513",33.940619,-117.9513
BJNGGN6451,0164-XAIRP,1,United States,California,La Mirada,90638,"33.902045, -118.008961",33.902045,-118.008961
TIDCHF9687,5666-CYCYZ,1,United States,California,Montebello,90640,"34.015217, -118.109962",34.015217,-118.109962
QOWLLJ4862,4011-ARPHK,1,United States,California,Norwalk,90650,"33.905963, -118.08263",33.905963,-118.08263
YICXVE2782,6365-HITVU,1,United States,California,Santa Fe Springs,90670,"33.933565, -118.062611",33.933565,-118.062611
EUFJLT3415,7558-IMLMT,1,United States,California,Stanton,90680,"33.801869, -117.995068",33.801869,-117.995068
SSNOYG4873,9488-FYQAU,1,United States,California,Artesia,90701,"33.867593, -118.080637",33.867593,-118.080637
KDCOXN5888,3590-TCXTB,1,United States,California,Cerritos,90703,"33.8681, -118.067402",33.8681,-118.067402
YGLKJK4565,6994-KERXL,1,United States,California,Avalon,90704,"33.391181, -118.421305",33.391181,-118.421305
VRCYCH1155,1960-UOTYM,1,United States,California,Lakewood,90712,"33.840524, -118.148403",33.840524,-118.148403
CKUXOF5951,2740-JFBOK,1,United States,California,Lakewood,90713,"33.847755, -118.112532",33.847755,-118.112532
STQYNW3791,6500-JVEGC,1,United States,California,Lakewood,90715,"33.841027, -118.078097",33.841027,-118.078097
GFGUKP7315,5245-VDBUR,1,United States,California,Los Alamitos,90720,"33.79499, -118.065591",33.79499,-118.065591
MUNBEI8195,8469-SNFFH,1,United States,California,San Pedro,90731,"33.736387, -118.284363",33.736387,-118.284363
VAJRHM5351,2144-ESWKO,1,United States,California,San Pedro,90732,"33.744119, -118.31448",33.744119,-118.31448
MYKENU1126,1241-FPMOF,1,United States,California,Seal Beach,90740,"33.75462, -118.071128",33.75462,-118.071128
FLJVWE4229,9928-BZVLZ,1,United States,California,Sunset Beach,90742,"33.719221, -118.073596",33.719221,-118.073596
OZWJDC7143,4114-QMKVN,1,United States,California,Surfside,90743,"33.728273, -118.085304",33.728273,-118.085304
IOEWSB2331,2775-SEFEE,1,United States,California,Wilmington,90744,"33.782068, -118.262263",33.782068,-118.262263
AVYRFY3159,9003-CPATH,1,United States,California,Carson,90745,"33.822295, -118.26411",33.822295,-118.26411
IBSEFI3116,7956-XQWGU,1,United States,California,Long Beach,90803,"33.760458, -118.129725",33.760458,-118.129725
JKAFZR2822,2369-FEVNO,1,United States,California,Long Beach,90806,"33.802664, -118.179971",33.802664,-118.179971
MQGYWO4979,5115-SQAAU,1,United States,California,Long Beach,90813,"33.781086, -118.199049",33.781086,-118.199049
SMPABW9213,9845-QOMAD,1,United States,California,Long Beach,90814,"33.771612, -118.143866",33.771612,-118.143866
KTQCMO5514,7672-VFMXZ,1,United States,California,Long Beach,90815,"33.797638, -118.11662",33.797638,-118.11662
PIQXWP3629,9739-JLPQJ,1,United States,California,Long Beach,90822,"33.778436, -118.118648",33.778436,-118.118648
KEOZZD4535,9916-AYHTC,1,United States,California,Altadena,91001,"34.196837, -118.142236",34.196837,-118.142236
QWYOZM9949,3855-ONCAR,1,United States,California,Arcadia,91006,"34.137319, -118.029837",34.137319,-118.029837
XAGKWZ7889,1488-SYSFC,1,United States,California,Arcadia,91007,"34.128284, -118.047732",34.128284,-118.047732
FMYCFU1316,0970-QXPXW,1,United States,California,Monrovia,91016,"34.1528, -118.000482",34.1528,-118.000482
RDZXJK7552,9572-WUKSB,1,United States,California,South Pasadena,91030,"34.110444, -118.156957",34.110444,-118.156957
FPTRZL3798,5893-KCLGT,1,United States,California,Sunland,91040,"34.282704, -118.312929",34.282704,-118.312929
GLCUTG1675,0076-LVEPS,1,United States,California,Tujunga,91042,"34.296574, -118.244839",34.296574,-118.244839
RWVULP3675,3640-JQGJG,1,United States,California,Pasadena,91101,"34.146635, -118.139225",34.146635,-118.139225
LVWUBV9986,1596-OQSPS,1,United States,California,Pasadena,91104,"34.165383, -118.123752",34.165383,-118.123752
KPWXKK4681,9867-XOBQA,1,United States,California,Pasadena,91105,"34.13946, -118.166649",34.13946,-118.166649
KDQDJT5681,9546-KDTRB,1,United States,California,Pasadena,91106,"34.139402, -118.128658",34.139402,-118.128658
DXCPZM7182,3174-RKMOW,1,United States,California,Glendale,91201,"34.17051, -118.289463",34.17051,-118.289463
LJCVVZ6644,1760-CAZHT,1,United States,California,Glendale,91202,"34.167926, -118.267539",34.167926,-118.267539
NNRZOT1333,8441-SHIPE,1,United States,California,Glendale,91204,"34.136306, -118.26036",34.136306,-118.26036
QQQLKS8276,1320-GVNHT,1,United States,California,Glendale,91207,"34.182378, -118.262922",34.182378,-118.262922
DPJGUJ4521,1047-RNXZV,1,United States,California,Glendale,91208,"34.195386, -118.238508",34.195386,-118.238508
ESBCHH9179,3541-ZNUHK,1,United States,California,La Crescenta,91214,"34.239636, -118.245259",34.239636,-118.245259
ZOIQUM5514,8725-JEDFD,1,United States,California,Calabasas,91302,"34.130861, -118.68346",34.130861,-118.68346
BBOPVC5225,7562-UXTPG,1,United States,California,Canoga Park,91303,"34.19829, -118.602203",34.19829,-118.602203
ZVPMYE9849,8071-SBTRN,1,United States,California,Canoga Park,91304,"34.224377, -118.632656",34.224377,-118.632656
HAAGAN5264,6668-CNMFP,1,United States,California,West Hills,91307,"34.199787, -118.68493",34.199787,-118.68493
JEDPQH4317,5626-MGTUK,1,United States,California,Chatsworth,91311,"34.294142, -118.603883",34.294142,-118.603883
SUIUNJ5121,5681-LLOEI,1,United States,California,Encino,91316,"34.150354, -118.518292",34.150354,-118.518292
HKKOFG8297,8212-DJRCH,1,United States,California,Newbury Park,91320,"34.172071, -118.946262",34.172071,-118.946262
RSPDVO6342,4933-BSAIP,1,United States,California,Northridge,91324,"34.238208, -118.55029",34.238208,-118.55029
FSOLRN1171,2030-BTZRO,1,United States,California,Northridge,91325,"34.236683, -118.517588",34.236683,-118.517588
XFKBVY6459,1116-DXXDF,1,United States,California,Porter Ranch,91326,"34.281911, -118.556218",34.281911,-118.556218
JHGPCC7111,0270-THENM,1,United States,California,Mission Hills,91345,"34.266389, -118.459744",34.266389,-118.459744
UNCZVX1226,4707-MAXGU,1,United States,California,Canyon Country,91351,"34.422519, -118.420717",34.422519,-118.420717
MXPMZO9924,2710-WYVXG,1,United States,California,Sun Valley,91352,"34.231053, -118.338307",34.231053,-118.338307
ANLCYN6674,6300-BWMJX,1,United States,California,Valencia,91355,"34.43987, -118.644609",34.43987,-118.644609
TZGQTD1151,7009-LGECI,1,United States,California,Westlake Village,91361,"34.130992, -118.894673",34.130992,-118.894673
PXZWXO7472,5022-KVDQT,1,United States,California,Woodland Hills,91364,"34.153733, -118.593408",34.153733,-118.593408
YMBEQK4174,7976-CICYS,1,United States,California,Woodland Hills,91367,"34.178068, -118.615714",34.178068,-118.615714
JLZYGX9557,1036-GUDCL,1,United States,California,Oak Park,91377,"34.19225, -118.776874",34.19225,-118.776874
XNNZFH6892,2005-DWQZJ,1,United States,California,Stevenson Ranch,91381,"34.364153, -118.615583",34.364153,-118.615583
YJFRVR3323,8148-WOCMK,1,United States,California,Castaic,91384,"34.506627, -118.699048",34.506627,-118.699048
FBWMYQ2439,7815-PDTHL,1,United States,California,Van Nuys,91401,"34.178483, -118.431791",34.178483,-118.431791
FLTBSH5592,9173-IVZVP,1,United States,California,Sherman Oaks,91403,"34.147149, -118.463365",34.147149,-118.463365
GSQDCQ6386,3635-JBPSG,1,United States,California,Van Nuys,91406,"34.195685, -118.490752",34.195685,-118.490752
JWWKWI9424,7964-ZRKKG,1,United States,California,Van Nuys,91411,"34.17847, -118.459472",34.17847,-118.459472
MGVRIL7517,1724-IQWNM,1,United States,California,Burbank,91504,"34.213049, -118.317651",34.213049,-118.317651
LQQRPL8423,8217-QYOHV,1,United States,California,Burbank,91505,"34.174215, -118.345928",34.174215,-118.345928
BSSALO5735,5546-QUERU,1,United States,California,Burbank,91506,"34.169706, -118.323548",34.169706,-118.323548
VQDGVX2892,6897-UUBNU,1,United States,California,North Hollywood,91602,"34.15136, -118.364786",34.15136,-118.364786
KMUNIF9718,8930-XOTDP,1,United States,California,North Hollywood,91606,"34.187599, -118.387125",34.187599,-118.387125
PWJRPE7469,5916-QEWPT,1,United States,California,Valley Village,91607,"34.165783, -118.399795",34.165783,-118.399795
XXVWSC1314,5060-TQUQN,1,United States,California,Rancho Cucamonga,91701,"34.132275, -117.611478",34.132275,-117.611478
ZUTAYW5777,0531-XBKMM,1,United States,California,Azusa,91702,"34.174493, -117.87068",34.174493,-117.87068
PYYUYB1248,8465-SBRXP,1,United States,California,Baldwin Park,91706,"34.098275, -117.967399",34.098275,-117.967399
LBHCXP8454,2408-PSJVE,1,United States,California,Chino Hills,91709,"33.942895, -117.725644",33.942895,-117.725644
STERUJ3755,9700-ZCLOT,1,United States,California,Claremont,91711,"34.127621, -117.717863",34.127621,-117.717863
HFJDBL3937,8738-JOKAR,1,United States,California,Covina,91722,"34.097345, -117.906736",34.097345,-117.906736
NURUGX2137,4534-WGCIR,1,United States,California,Covina,91723,"34.084747, -117.886844",34.084747,-117.886844
PYEWFT6675,1930-WNXSB,1,United States,California,Covina,91724,"34.08111, -117.853935",34.08111,-117.853935
ZMSTMI9946,3508-CFVZL,1,United States,California,El Monte,91731,"34.079934, -118.046695",34.079934,-118.046695
CDMHIS7588,0657-DOGUM,1,United States,California,Rancho Cucamonga,91739,"34.133809, -117.523724",34.133809,-117.523724
VMUEWA1237,8792-AOROI,1,United States,California,Glendora,91741,"34.14649, -117.849815",34.14649,-117.849815
LUNGDM3467,5146-YYFRZ,1,United States,California,Hacienda Heights,91745,"33.998471, -117.973758",33.998471,-117.973758
VBOEIA2135,3452-SRFEG,1,United States,California,La Verne,91750,"34.144703, -117.770299",34.144703,-117.770299
XNHUJY6618,4070-OKWVH,1,United States,California,Mira Loma,91752,"33.999992, -117.535395",33.999992,-117.535395
XADGCZ9136,5297-MDOIR,1,United States,California,Monterey Park,91754,"34.050322, -118.147037",34.050322,-118.147037
BUZNNX9848,6369-MCAKO,1,United States,California,Monterey Park,91755,"34.049172, -118.115022",34.049172,-118.115022
MYFRTO6461,4926-UMJZD,1,United States,California,Mt Baldy,91759,"34.231318, -117.662032",34.231318,-117.662032
LWTBJS3829,6848-HJTXY,1,United States,California,Ontario,91761,"34.035602, -117.591528",34.035602,-117.591528
SATZLG7775,6341-AEVKX,1,United States,California,Ontario,91762,"34.057256, -117.667677",34.057256,-117.667677
AYYNCB2165,0682-USIXD,1,United States,California,Diamond Bar,91765,"33.992416, -117.807874",33.992416,-117.807874
NBZZIB6659,6976-BWGLQ,1,United States,California,Pomona,91766,"34.042286, -117.756106",34.042286,-117.756106
BHLVDB2486,7078-NVFAM,1,United States,California,Pomona,91767,"34.083086, -117.737997",34.083086,-117.737997
BIKRTR8963,2133-TSRRM,1,United States,California,Rosemead,91770,"34.065108, -118.082791",34.065108,-118.082791
KWLYNW5146,2511-ALLCS,1,United States,California,Temple City,91780,"34.101608, -118.055848",34.101608,-118.055848
LQDDRB4164,3191-CSNMG,1,United States,California,Upland,91784,"34.141146, -117.655583",34.141146,-117.655583
HCNSRC6128,7952-OBOYL,1,United States,California,Upland,91786,"34.105493, -117.660934",34.105493,-117.660934
TUYXAV1456,7470-DYNOE,1,United States,California,Walnut,91789,"34.018354, -117.85492",34.018354,-117.85492
XXATVL7648,7853-OETYL,1,United States,California,West Covina,91790,"34.066964, -117.937007",34.066964,-117.937007
QULEBX9667,1545-ACTAS,1,United States,California,West Covina,91791,"34.061634, -117.893169",34.061634,-117.893169
DXASIX3284,5126-RCXYW,1,United States,California,Alhambra,91803,"34.074736, -118.145959",34.074736,-118.145959
JTUCFR6923,2363-BJLSL,1,United States,California,Bonita,91902,"32.67117, -117.00232",32.67117,-117.00232
GGILGA1564,1956-YIFGE,1,United States,California,Boulevard,91905,"32.677097, -116.304991",32.677097,-116.304991
ETZGQT2268,2925-MXLSX,1,United States,California,Chula Vista,91911,"32.607964, -117.059459",32.607964,-117.059459
SMGGKM6615,9609-BENEA,1,United States,California,Chula Vista,91914,"32.688506, -116.938632",32.688506,-116.938632
SSZSWR9164,4459-BBGHE,1,United States,California,Descanso,91916,"32.912664, -116.635387",32.912664,-116.635387
SFIQOW9242,9945-PSVIP,1,United States,California,Dulzura,91917,"32.622999, -116.687855",32.622999,-116.687855
YNUPWU7293,9108-EJFJP,1,United States,California,Jacumba,91934,"32.649787, -116.2237",32.649787,-116.2237
CARMCW5216,0530-IJVDB,1,United States,California,Jamul,91935,"32.695681, -116.798386",32.695681,-116.798386
XLXLWY3722,0508-SQWPL,1,United States,California,La Mesa,91941,"32.759327, -116.99726",32.759327,-116.99726
ZPCBMM6392,2215-ZAFGX,1,United States,California,La Mesa,91942,"32.782501, -117.01611",32.782501,-117.01611
QIQOMB1753,8213-TAZPM,1,United States,California,Lemon Grove,91945,"32.733564, -117.033713",32.733564,-117.033713
XSVKUS8847,1304-SEGFY,1,United States,California,National City,91950,"32.67102, -117.095235",32.67102,-117.095235
GCCPYO8755,7242-EDTYC,1,United States,California,Pine Valley,91962,"32.800671, -116.483363",32.800671,-116.483363
LKMMIL1426,2904-GGUAZ,1,United States,California,Potrero,91963,"32.619465, -116.593605",32.619465,-116.593605
IGZNGR1914,5136-GFPMB,1,United States,California,Spring Valley,91978,"32.730264, -116.950963",32.730264,-116.950963
FJGBWR8994,2595-KIWPV,1,United States,California,Tecate,91980,"32.587557, -116.636816",32.587557,-116.636816
BODSPH9976,5243-SAOTC,1,United States,California,Bonsall,92003,"33.290907, -117.202895",33.290907,-117.202895
QZGVXE6747,9398-MMQTO,1,United States,California,Borrego Springs,92004,"33.200369, -116.192313",33.200369,-116.192313
QCMKLY1942,7619-PLRLP,1,United States,California,Cardiff By The Sea,92007,"33.015866, -117.272254",33.015866,-117.272254
XUVPDG8695,6508-NJYRO,1,United States,California,Carlsbad,92009,"33.098018, -117.258203",33.098018,-117.258203
FGXZXH4812,4710-NKCAW,1,United States,California,El Cajon,92019,"32.785165, -116.862648",32.785165,-116.862648
LPUAQN3699,5306-BVTKJ,1,United States,California,El Cajon,92020,"32.79697, -116.969082",32.79697,-116.969082
IPOAPK6384,0357-NVCRI,1,United States,California,El Cajon,92021,"32.832706, -116.873258",32.832706,-116.873258
JTHVPY7436,2371-KFUOG,1,United States,California,Escondido,92025,"33.081478, -117.033814",33.081478,-117.033814
PXIFGI9974,0463-ZSDNT,1,United States,California,Escondido,92026,"33.21846, -117.116916",33.21846,-117.116916
LCGJHC3885,6257-DTAYD,1,United States,California,Fallbrook,92028,"33.362575, -117.299644",33.362575,-117.299644
XLSGJY9246,4616-ULAOA,1,United States,California,Escondido,92029,"33.079834, -117.134275",33.079834,-117.134275
VVMZZF2391,7746-AWNQW,1,United States,California,La Jolla,92037,"32.853743, -117.25034",32.853743,-117.25034
IIGPXR1427,5996-EBTKM,1,United States,California,Lakeside,92040,"32.909873, -116.906774",32.909873,-116.906774
KUGJIL8385,2758-RNWXS,1,United States,California,Oceanside,92054,"33.351059, -117.420557",33.351059,-117.420557
ZLGPQC9915,2314-TNDJQ,1,United States,California,Oceanside,92056,"33.194742, -117.29032",33.194742,-117.29032
EHWEVZ6759,2405-LBMUW,1,United States,California,Oceanside,92057,"33.254497, -117.285879",33.254497,-117.285879
KGVGXK9861,9039-ZVJDC,1,United States,California,Pauma Valley,92061,"33.313828, -116.940501",33.313828,-116.940501
JPKVDX7532,9013-AQORL,1,United States,California,Ramona,92065,"33.044541, -116.833922",33.044541,-116.833922
VCBKWG6359,2898-MRKPI,1,United States,California,Ranchita,92066,"33.215251, -116.53633",33.215251,-116.53633
WMKHQA9177,2750-BJLSB,1,United States,California,Rancho Santa Fe,92067,"33.012751, -117.200617",33.012751,-117.200617
HSRUTR5258,3648-GZPHF,1,United States,California,San Marcos,92069,"33.162624, -117.170863",33.162624,-117.170863
DEKMRN2342,2075-RMJIK,1,United States,California,Santa Ysabel,92070,"33.174725, -116.743329",33.174725,-116.743329
SDPFYA6117,9588-YRFHY,1,United States,California,Santee,92071,"32.847336, -116.997605",32.847336,-116.997605
CMQOMT8593,9364-YKUVW,1,United States,California,Valley Center,92082,"33.25283, -116.986079",33.25283,-116.986079
BHDQBR7728,5392-AKEMH,1,United States,California,Vista,92083,"33.17494, -117.242761",33.17494,-117.242761
TNUHML5342,3914-FDRHP,1,United States,California,Warner Springs,92086,"33.323705, -116.626907",33.323705,-116.626907
JDBIGK9792,3078-ZKNTS,1,United States,California,Rancho Santa Fe,92091,"32.99356, -117.207121",32.99356,-117.207121
VHFXMK7985,1024-KPRBB,1,United States,California,San Diego,92101,"32.72523, -117.171346",32.72523,-117.171346
ECJPPS3373,9547-ITEFG,1,United States,California,San Diego,92105,"32.741859, -117.090353",32.741859,-117.090353
TXUCBO7315,1264-FUHCX,1,United States,California,San Diego,92106,"32.71346, -117.236378",32.71346,-117.236378
DCBLHX6574,6598-KELSS,1,United States,California,San Diego,92108,"32.774046, -117.142454",32.774046,-117.142454
XDEJPZ7211,0422-UXFAP,1,United States,California,San Diego,92117,"32.825086, -117.199424",32.825086,-117.199424
GYLNSY7774,1904-WAJAA,1,United States,California,Coronado,92118,"32.68674, -117.186612",32.68674,-117.186612
JIUNQO7361,5130-YPIRV,1,United States,California,San Diego,92119,"32.802959, -117.027095",32.802959,-117.027095
GUKJGI7355,2843-CQMEG,1,United States,California,San Diego,92120,"32.807867, -117.060993",32.807867,-117.060993
PVPPEX7458,6439-PKTRR,1,United States,California,San Diego,92121,"32.898613, -117.202937",32.898613,-117.202937
GHWTGR5277,5351-QESIO,1,United States,California,San Diego,92122,"32.85723, -117.209774",32.85723,-117.209774
IROUHW9179,5568-DMXZS,1,United States,California,San Diego,92124,"32.827238, -117.089287",32.827238,-117.089287
ZBLAYI6676,8468-FZTOE,1,United States,California,San Diego,92126,"32.886925, -117.152162",32.886925,-117.152162
CRLAUD9579,6633-SYEUS,1,United States,California,San Diego,92127,"33.017518, -117.118456",33.017518,-117.118456
IVJTCX2732,6447-GORXK,1,United States,California,San Diego,92128,"33.000269, -117.072093",33.000269,-117.072093
GACPVD4261,6967-PEJLL,1,United States,California,San Diego,92129,"32.961064, -117.134917",32.961064,-117.134917
FGGOPV2298,1684-FLBGS,1,United States,California,San Diego,92139,"32.677716, -117.047666",32.677716,-117.047666
PNCQSY6735,1389-WNUIB,1,United States,California,San Diego,92154,"32.578103, -117.012975",32.578103,-117.012975
EXQSRZ9225,0376-OIWME,1,United States,California,San Ysidro,92173,"32.555828, -117.040073",32.555828,-117.040073
TWDSTZ1945,0218-QNVAS,1,United States,California,Indio,92203,"33.752938, -116.230055",33.752938,-116.230055
YBQJTB9245,0804-YGEQV,1,United States,California,Palm Desert,92211,"33.762759, -116.324817",33.762759,-116.324817
ZJOVNT9185,7164-BPTUT,1,United States,California,Banning,92220,"33.936298, -116.849577",33.936298,-116.849577
IUVIXM7636,2523-EWWZL,1,United States,California,Blythe,92225,"33.674583, -114.71612",33.674583,-114.71612
TVSQKN3499,0928-XUTSN,1,United States,California,Brawley,92227,"33.03933, -115.191857",33.03933,-115.191857
OJIXHX2528,0052-YNYOT,1,United States,California,Calexico,92231,"32.690654, -115.431225",32.690654,-115.431225
FOTFJN5534,9586-JGQKH,1,United States,California,Cathedral City,92234,"33.829583, -116.474131",33.829583,-116.474131
VZVMZA2855,4501-VCPFK,1,United States,California,Coachella,92236,"33.680031, -116.171678",33.680031,-116.171678
NRDABK8974,6075-SLNIL,1,United States,California,Desert Center,92239,"33.889605, -115.257009",33.889605,-115.257009
MEQWUS3682,9347-AERRL,1,United States,California,Desert Hot Springs,92240,"33.948558, -116.516976",33.948558,-116.516976
XWRHCY9755,6691-CCIHA,1,United States,California,Joshua Tree,92252,"34.167236, -116.281511",34.167236,-116.281511
PENKHQ6418,1685-BQULA,1,United States,California,La Quinta,92253,"33.695532, -116.310571",33.695532,-116.310571
FLVNTN9232,9053-EJUNL,1,United States,California,Mecca,92254,"33.543835, -115.993906",33.543835,-115.993906
BSKXNZ6285,1471-GIQKQ,1,United States,California,Niland,92257,"33.345825, -115.596574",33.345825,-115.596574
FLOJZC4625,4807-IZYOZ,1,United States,California,North Palm Springs,92258,"33.906496, -116.569499",33.906496,-116.569499
XKWNPH3926,9710-NJERN,1,United States,California,Palm Desert,92260,"33.694501, -116.412711",33.694501,-116.412711
OGIZBK6967,9837-FWLCH,1,United States,California,Palm Springs,92262,"33.839989, -116.659215",33.839989,-116.659215
RHINFZ7547,7203-OYKCT,1,United States,California,Palo Verde,92266,"33.3249, -114.758334",33.3249,-114.758334
DTPCLA7891,7398-LXGYX,1,United States,California,Pioneertown,92268,"34.201108, -116.593456",34.201108,-116.593456
DABDVM2147,2823-LKABH,1,United States,California,Rancho Mirage,92270,"33.763678, -116.429928",33.763678,-116.429928
BCSZNN6776,0550-DCXLH,1,United States,California,Thermal,92274,"33.53604, -116.119222",33.53604,-116.119222
GPVLZR8419,9281-CEDRU,1,United States,California,Salton City,92275,"33.28156, -115.955541",33.28156,-115.955541
UMDDKJ4896,0871-OPBXW,1,United States,California,Escondido,92027,"33.141265, -116.967221",33.141265,-116.967221
BPSZMK9246,9767-FFLEM,1,United States,California,Westmorland,92281,"33.03679, -115.60503",33.03679,-115.60503
MVCFXF3211,8456-QDAVC,1,United States,California,Winterhaven,92283,"32.852947, -114.850784",32.852947,-114.850784
PWHONB3961,7750-EYXWZ,1,United States,California,Yucca Valley,92284,"34.159534, -116.425984",34.159534,-116.425984
XVCVGG7664,2569-WGERO,1,United States,California,Landers,92285,"34.341737, -116.539416",34.341737,-116.539416
NOTKAT3139,6840-RESVB,1,United States,California,Adelanto,92301,"34.667815, -117.536183",34.667815,-117.536183
IIQJBU2929,2234-XADUH,1,United States,California,Amboy,92304,"34.559882, -115.637164",34.559882,-115.637164
PBNAHR7564,4801-JZAZL,1,United States,California,Angelus Oaks,92305,"34.1678, -116.86433",34.1678,-116.86433
TJZLUX4957,3186-AJIEK,1,United States,California,Apple Valley,92308,"34.424926, -117.184503",34.424926,-117.184503
